object_location,image_small,image_thumb
/objects/col003_d1.pdf,/objects/small/col003_d1_sm.jpg,/objects/thumbs/col003_d1_th.jpg
/objects/col003_p1.jpg,/objects/small/col003_p1_sm.jpg,/objects/thumbs/col003_p1_th.jpg
/objects/col003_p10.jpg,/objects/small/col003_p10_sm.jpg,/objects/thumbs/col003_p10_th.jpg
/objects/col003_p100.jpg,/objects/small/col003_p100_sm.jpg,/objects/thumbs/col003_p100_th.jpg
/objects/col003_p101.jpg,/objects/small/col003_p101_sm.jpg,/objects/thumbs/col003_p101_th.jpg
/objects/col003_p102.jpg,/objects/small/col003_p102_sm.jpg,/objects/thumbs/col003_p102_th.jpg
/objects/col003_p108.jpg,/objects/small/col003_p108_sm.jpg,/objects/thumbs/col003_p108_th.jpg
/objects/col003_p109.jpg,/objects/small/col003_p109_sm.jpg,/objects/thumbs/col003_p109_th.jpg
/objects/col003_p11.jpg,/objects/small/col003_p11_sm.jpg,/objects/thumbs/col003_p11_th.jpg
/objects/col003_p110.jpg,/objects/small/col003_p110_sm.jpg,/objects/thumbs/col003_p110_th.jpg
/objects/col003_p111.jpg,/objects/small/col003_p111_sm.jpg,/objects/thumbs/col003_p111_th.jpg
/objects/col003_p112.jpg,/objects/small/col003_p112_sm.jpg,/objects/thumbs/col003_p112_th.jpg
/objects/col003_p113.jpg,/objects/small/col003_p113_sm.jpg,/objects/thumbs/col003_p113_th.jpg
/objects/col003_p114.jpg,/objects/small/col003_p114_sm.jpg,/objects/thumbs/col003_p114_th.jpg
/objects/col003_p115.jpg,/objects/small/col003_p115_sm.jpg,/objects/thumbs/col003_p115_th.jpg
/objects/col003_p12.jpg,/objects/small/col003_p12_sm.jpg,/objects/thumbs/col003_p12_th.jpg
/objects/col003_p13.jpg,/objects/small/col003_p13_sm.jpg,/objects/thumbs/col003_p13_th.jpg
/objects/col003_p14.jpg,/objects/small/col003_p14_sm.jpg,/objects/thumbs/col003_p14_th.jpg
/objects/col003_p15.jpg,/objects/small/col003_p15_sm.jpg,/objects/thumbs/col003_p15_th.jpg
/objects/col003_p16.jpg,/objects/small/col003_p16_sm.jpg,/objects/thumbs/col003_p16_th.jpg
/objects/col003_p17.jpg,/objects/small/col003_p17_sm.jpg,/objects/thumbs/col003_p17_th.jpg
/objects/col003_p18.jpg,/objects/small/col003_p18_sm.jpg,/objects/thumbs/col003_p18_th.jpg
/objects/col003_p19.jpg,/objects/small/col003_p19_sm.jpg,/objects/thumbs/col003_p19_th.jpg
/objects/col003_p2.jpg,/objects/small/col003_p2_sm.jpg,/objects/thumbs/col003_p2_th.jpg
/objects/col003_p20.jpg,/objects/small/col003_p20_sm.jpg,/objects/thumbs/col003_p20_th.jpg
/objects/col003_p21.jpg,/objects/small/col003_p21_sm.jpg,/objects/thumbs/col003_p21_th.jpg
/objects/col003_p22.jpg,/objects/small/col003_p22_sm.jpg,/objects/thumbs/col003_p22_th.jpg
/objects/col003_p23.jpg,/objects/small/col003_p23_sm.jpg,/objects/thumbs/col003_p23_th.jpg
/objects/col003_p24.jpg,/objects/small/col003_p24_sm.jpg,/objects/thumbs/col003_p24_th.jpg
/objects/col003_p25.jpg,/objects/small/col003_p25_sm.jpg,/objects/thumbs/col003_p25_th.jpg
/objects/col003_p26.jpg,/objects/small/col003_p26_sm.jpg,/objects/thumbs/col003_p26_th.jpg
/objects/col003_p27.jpg,/objects/small/col003_p27_sm.jpg,/objects/thumbs/col003_p27_th.jpg
/objects/col003_p28.jpg,/objects/small/col003_p28_sm.jpg,/objects/thumbs/col003_p28_th.jpg
/objects/col003_p29.jpg,/objects/small/col003_p29_sm.jpg,/objects/thumbs/col003_p29_th.jpg
/objects/col003_p3.jpg,/objects/small/col003_p3_sm.jpg,/objects/thumbs/col003_p3_th.jpg
/objects/col003_p30.jpg,/objects/small/col003_p30_sm.jpg,/objects/thumbs/col003_p30_th.jpg
/objects/col003_p31.jpg,/objects/small/col003_p31_sm.jpg,/objects/thumbs/col003_p31_th.jpg
/objects/col003_p32.jpg,/objects/small/col003_p32_sm.jpg,/objects/thumbs/col003_p32_th.jpg
/objects/col003_p33.jpg,/objects/small/col003_p33_sm.jpg,/objects/thumbs/col003_p33_th.jpg
/objects/col003_p34.jpg,/objects/small/col003_p34_sm.jpg,/objects/thumbs/col003_p34_th.jpg
/objects/col003_p35.jpg,/objects/small/col003_p35_sm.jpg,/objects/thumbs/col003_p35_th.jpg
/objects/col003_p36.jpg,/objects/small/col003_p36_sm.jpg,/objects/thumbs/col003_p36_th.jpg
/objects/col003_p37.jpg,/objects/small/col003_p37_sm.jpg,/objects/thumbs/col003_p37_th.jpg
/objects/col003_p38.jpg,/objects/small/col003_p38_sm.jpg,/objects/thumbs/col003_p38_th.jpg
/objects/col003_p39.jpg,/objects/small/col003_p39_sm.jpg,/objects/thumbs/col003_p39_th.jpg
/objects/col003_p4.jpg,/objects/small/col003_p4_sm.jpg,/objects/thumbs/col003_p4_th.jpg
/objects/col003_p40.jpg,/objects/small/col003_p40_sm.jpg,/objects/thumbs/col003_p40_th.jpg
/objects/col003_p41.jpg,/objects/small/col003_p41_sm.jpg,/objects/thumbs/col003_p41_th.jpg
/objects/col003_p42.jpg,/objects/small/col003_p42_sm.jpg,/objects/thumbs/col003_p42_th.jpg
/objects/col003_p43.jpg,/objects/small/col003_p43_sm.jpg,/objects/thumbs/col003_p43_th.jpg
/objects/col003_p44.jpg,/objects/small/col003_p44_sm.jpg,/objects/thumbs/col003_p44_th.jpg
/objects/col003_p45.jpg,/objects/small/col003_p45_sm.jpg,/objects/thumbs/col003_p45_th.jpg
/objects/col003_p46.jpg,/objects/small/col003_p46_sm.jpg,/objects/thumbs/col003_p46_th.jpg
/objects/col003_p47.jpg,/objects/small/col003_p47_sm.jpg,/objects/thumbs/col003_p47_th.jpg
/objects/col003_p48.jpg,/objects/small/col003_p48_sm.jpg,/objects/thumbs/col003_p48_th.jpg
/objects/col003_p49.jpg,/objects/small/col003_p49_sm.jpg,/objects/thumbs/col003_p49_th.jpg
/objects/col003_p5.jpg,/objects/small/col003_p5_sm.jpg,/objects/thumbs/col003_p5_th.jpg
/objects/col003_p50.jpg,/objects/small/col003_p50_sm.jpg,/objects/thumbs/col003_p50_th.jpg
/objects/col003_p51.jpg,/objects/small/col003_p51_sm.jpg,/objects/thumbs/col003_p51_th.jpg
/objects/col003_p52.jpg,/objects/small/col003_p52_sm.jpg,/objects/thumbs/col003_p52_th.jpg
/objects/col003_p53.jpg,/objects/small/col003_p53_sm.jpg,/objects/thumbs/col003_p53_th.jpg
/objects/col003_p54.jpg,/objects/small/col003_p54_sm.jpg,/objects/thumbs/col003_p54_th.jpg
/objects/col003_p55.jpg,/objects/small/col003_p55_sm.jpg,/objects/thumbs/col003_p55_th.jpg
/objects/col003_p56.jpg,/objects/small/col003_p56_sm.jpg,/objects/thumbs/col003_p56_th.jpg
/objects/col003_p57.jpg,/objects/small/col003_p57_sm.jpg,/objects/thumbs/col003_p57_th.jpg
/objects/col003_p58.jpg,/objects/small/col003_p58_sm.jpg,/objects/thumbs/col003_p58_th.jpg
/objects/col003_p59.jpg,/objects/small/col003_p59_sm.jpg,/objects/thumbs/col003_p59_th.jpg
/objects/col003_p6.jpg,/objects/small/col003_p6_sm.jpg,/objects/thumbs/col003_p6_th.jpg
/objects/col003_p60.jpg,/objects/small/col003_p60_sm.jpg,/objects/thumbs/col003_p60_th.jpg
/objects/col003_p61.jpg,/objects/small/col003_p61_sm.jpg,/objects/thumbs/col003_p61_th.jpg
/objects/col003_p62.jpg,/objects/small/col003_p62_sm.jpg,/objects/thumbs/col003_p62_th.jpg
/objects/col003_p63.jpg,/objects/small/col003_p63_sm.jpg,/objects/thumbs/col003_p63_th.jpg
/objects/col003_p64.jpg,/objects/small/col003_p64_sm.jpg,/objects/thumbs/col003_p64_th.jpg
/objects/col003_p65.jpg,/objects/small/col003_p65_sm.jpg,/objects/thumbs/col003_p65_th.jpg
/objects/col003_p66.jpg,/objects/small/col003_p66_sm.jpg,/objects/thumbs/col003_p66_th.jpg
/objects/col003_p67.jpg,/objects/small/col003_p67_sm.jpg,/objects/thumbs/col003_p67_th.jpg
/objects/col003_p68.jpg,/objects/small/col003_p68_sm.jpg,/objects/thumbs/col003_p68_th.jpg
/objects/col003_p69.jpg,/objects/small/col003_p69_sm.jpg,/objects/thumbs/col003_p69_th.jpg
/objects/col003_p7.jpg,/objects/small/col003_p7_sm.jpg,/objects/thumbs/col003_p7_th.jpg
/objects/col003_p70.jpg,/objects/small/col003_p70_sm.jpg,/objects/thumbs/col003_p70_th.jpg
/objects/col003_p71.jpg,/objects/small/col003_p71_sm.jpg,/objects/thumbs/col003_p71_th.jpg
/objects/col003_p72.jpg,/objects/small/col003_p72_sm.jpg,/objects/thumbs/col003_p72_th.jpg
/objects/col003_p73.jpg,/objects/small/col003_p73_sm.jpg,/objects/thumbs/col003_p73_th.jpg
/objects/col003_p74.jpg,/objects/small/col003_p74_sm.jpg,/objects/thumbs/col003_p74_th.jpg
/objects/col003_p75.jpg,/objects/small/col003_p75_sm.jpg,/objects/thumbs/col003_p75_th.jpg
/objects/col003_p76.jpg,/objects/small/col003_p76_sm.jpg,/objects/thumbs/col003_p76_th.jpg
/objects/col003_p77.jpg,/objects/small/col003_p77_sm.jpg,/objects/thumbs/col003_p77_th.jpg
/objects/col003_p78.jpg,/objects/small/col003_p78_sm.jpg,/objects/thumbs/col003_p78_th.jpg
/objects/col003_p79.jpg,/objects/small/col003_p79_sm.jpg,/objects/thumbs/col003_p79_th.jpg
/objects/col003_p8.jpg,/objects/small/col003_p8_sm.jpg,/objects/thumbs/col003_p8_th.jpg
/objects/col003_p80.jpg,/objects/small/col003_p80_sm.jpg,/objects/thumbs/col003_p80_th.jpg
/objects/col003_p81.jpg,/objects/small/col003_p81_sm.jpg,/objects/thumbs/col003_p81_th.jpg
/objects/col003_p82.jpg,/objects/small/col003_p82_sm.jpg,/objects/thumbs/col003_p82_th.jpg
/objects/col003_p83.jpg,/objects/small/col003_p83_sm.jpg,/objects/thumbs/col003_p83_th.jpg
/objects/col003_p84.jpg,/objects/small/col003_p84_sm.jpg,/objects/thumbs/col003_p84_th.jpg
/objects/col003_p85.jpg,/objects/small/col003_p85_sm.jpg,/objects/thumbs/col003_p85_th.jpg
/objects/col003_p86.jpg,/objects/small/col003_p86_sm.jpg,/objects/thumbs/col003_p86_th.jpg
/objects/col003_p87.jpg,/objects/small/col003_p87_sm.jpg,/objects/thumbs/col003_p87_th.jpg
/objects/col003_p88.jpg,/objects/small/col003_p88_sm.jpg,/objects/thumbs/col003_p88_th.jpg
/objects/col003_p89.jpg,/objects/small/col003_p89_sm.jpg,/objects/thumbs/col003_p89_th.jpg
/objects/col003_p9.jpg,/objects/small/col003_p9_sm.jpg,/objects/thumbs/col003_p9_th.jpg
/objects/col003_p90.jpg,/objects/small/col003_p90_sm.jpg,/objects/thumbs/col003_p90_th.jpg
/objects/col003_p91.jpg,/objects/small/col003_p91_sm.jpg,/objects/thumbs/col003_p91_th.jpg
/objects/col003_p92.jpg,/objects/small/col003_p92_sm.jpg,/objects/thumbs/col003_p92_th.jpg
/objects/col003_p93.jpg,/objects/small/col003_p93_sm.jpg,/objects/thumbs/col003_p93_th.jpg
/objects/col003_p94.jpg,/objects/small/col003_p94_sm.jpg,/objects/thumbs/col003_p94_th.jpg
/objects/col003_p95.jpg,/objects/small/col003_p95_sm.jpg,/objects/thumbs/col003_p95_th.jpg
/objects/col003_p96.jpg,/objects/small/col003_p96_sm.jpg,/objects/thumbs/col003_p96_th.jpg
/objects/col003_p97.jpg,/objects/small/col003_p97_sm.jpg,/objects/thumbs/col003_p97_th.jpg
/objects/col003_p98.jpg,/objects/small/col003_p98_sm.jpg,/objects/thumbs/col003_p98_th.jpg
/objects/col003_p99.jpg,/objects/small/col003_p99_sm.jpg,/objects/thumbs/col003_p99_th.jpg
/objects/col003_willett_cover4.jpg,/objects/small/col003_willett_cover4_sm.jpg,/objects/thumbs/col003_willett_cover4_th.jpg
/objects/col003_willett_cover5.jpg,/objects/small/col003_willett_cover5_sm.jpg,/objects/thumbs/col003_willett_cover5_th.jpg
